state_code,year,economic_score,environmental_score,social_score,mytourismsci_score,rank,median_rank,rank_5th,rank_95th,rank_stability
JOH,2020,0.3433924362290387,0.36824131314183645,0.5747234075060358,0.40024635916090084,4,4.0,2.0,5.0,1.0
JOH,2021,0.3476148553355889,0.08045818765391957,0.5632661702476375,0.2349997142490132,7,7.0,6.0,8.0,1.0
JOH,2022,0.3330448069300672,0.1956987971860647,0.6564534536180849,0.3276105701828836,5,5.0,5.0,5.0,1.0
JOH,2023,0.30190927793139055,0.3116163636404996,0.6588903890610649,0.37104020080965155,4,4.0,4.0,5.0,1.0
JOH,2024,0.5013735219971155,0.3342566841299281,0.6289533423018198,0.46041260009198176,3,3.0,2.0,3.0,1.0
JOH,2025,0.5341303095231114,0.18922010840261214,0.6232367076259971,0.3860652353682522,4,4.0,4.0,6.0,1.0
KDH,2020,0.2294900672744932,0.3242376466207225,0.6104450744183694,0.33076489409785936,7,7.0,5.0,8.0,1.0
KDH,2021,0.12538926346263676,0.3767673263903309,0.5518387010972002,0.2669210415889562,6,6.0,3.0,10.0,0.899
KDH,2022,0.05906828971392538,0.3736725449419836,0.6040457198836965,0.20145642733035177,9,9.0,7.0,11.049999999999955,0.964
KDH,2023,0.02419437128232873,0.3542609917246801,0.593563383423033,0.13775763514677958,12,12.0,7.0,13.0,0.862
KDH,2024,0.2756855891523179,0.361340678681307,0.5659287414070043,0.36276632316207624,4,4.0,4.0,6.0,1.0
KDH,2025,0.27967227975955755,0.34023476968835453,0.5611075071311727,0.3564871103993799,5,6.0,4.0,6.0,1.0
KTN,2020,0.22656695377040217,0.05591257224415394,0.01984839899393916,0.07553327439384099,13,13.0,12.0,14.0,1.0
KTN,2021,0.2887478591771113,0.04256707509536493,0.016417129341075073,0.07214523418662806,13,13.0,12.0,14.0,1.0
KTN,2022,0.43479593224079927,0.060143737401063435,0.01943191632936746,0.1000367885250834,12,12.0,10.0,14.0,0.999
KTN,2023,0.4581018221885008,0.06179638529676254,0.018666036610690898,0.10209040139054835,13,13.0,12.0,13.0,0.994
KTN,2024,0.49427742266372193,0.06254071593877682,0.019441115272858328,0.10676418771650613,12,12.0,12.0,14.0,0.998
KTN,2025,0.45746127092637456,0.05783738092290943,0.019785728755120847,0.1011585887801669,12,12.0,12.0,14.0,1.0
KUL,2020,0.5115467992301387,0.11358550215345978,0.8710739932992003,0.34508884932544426,6,6.0,1.0,8.0,0.86
KUL,2021,0.5207892212798736,0.11123764215300014,0.9678366092022537,0.35424475392300553,3,3.0,1.0,6.0,1.0
KUL,2022,0.7273776080555467,0.12011262359469105,0.9255206245039369,0.41129793104636825,3,3.0,1.0,4.0,0.985
KUL,2023,0.6965481350944628,0.026492508868700512,0.9385006759411005,0.23899134968185978,7,7.0,4.0,11.0,0.855
KUL,2024,0.4276689297370517,0.11927536373963157,0.9302014266954161,0.33218505726312014,5,5.0,4.0,6.0,1.0
KUL,2025,0.48124791372145487,0.12177440920511215,0.9892868291745991,0.3562236191319304,6,5.0,4.0,7.0,0.998
LBN,2020,0.009003332222839097,0.03063858403911275,0.009003332222839097,0.013821531600266541,16,16.0,16.0,16.0,1.0
LBN,2021,0.08183270496914401,0.03063858403911275,0.009003332222839097,0.03341685878813731,16,16.0,15.0,16.0,1.0
LBN,2022,0.09906665556049096,0.023181124904256636,0.009003332222839097,0.032716655207942265,16,16.0,15.0,16.0,1.0
LBN,2023,0.08409246923219098,0.02751733017468953,0.009003332222839097,0.032536127717005085,16,16.0,15.0,16.0,1.0
LBN,2024,0.08963752872111126,0.029444274142331053,0.009003332222839097,0.03417803319534996,16,16.0,15.0,16.0,1.0
LBN,2025,0.07155718653179786,0.029271091392123905,0.009003332222839097,0.031168488519302224,16,16.0,15.0,16.0,1.0
MLK,2020,0.3108403233757105,0.010540833506105615,0.6111230737593726,0.1126038773225017,12,12.0,12.0,14.0,1.0
MLK,2021,0.17879358280391847,0.03830829126561564,0.610074197630768,0.1417225338651721,11,11.0,11.0,12.0,1.0
MLK,2022,0.18137531702299708,0.010540833506105615,0.6873677937041172,0.09348346525588559,13,13.0,12.0,14.0,1.0
MLK,2023,0.3243944336358082,0.03627732714200016,0.6984302802626945,0.1825292506345766,11,11.0,10.0,12.0,1.0
MLK,2024,0.05839831669013322,0.04957652218566305,0.6950591316174635,0.10242646634631072,13,13.0,12.0,13.0,1.0
MLK,2025,0.05452974878380609,0.010540833506105615,0.6951400359499228,0.05796658401537775,14,14.0,12.0,16.0,1.0
NSN,2020,0.2994886195850736,0.183873754632681,0.5088683528300725,0.2882606759771288,8,8.0,7.0,9.0,1.0
NSN,2021,0.030808356227645738,0.21655428617898337,0.5551286823204024,0.12560710383210028,12,12.0,8.0,13.0,0.935
NSN,2022,0.24502335711373052,0.21814477833091606,0.5509842118713169,0.2880901904371148,6,6.0,6.0,7.0,1.0
NSN,2023,0.19775398293970142,0.2507086577363304,0.5566929755293594,0.2783321005310639,6,6.0,6.0,9.0,0.97
NSN,2024,0.14489156553775628,0.2500201405685898,0.5479217256443883,0.24456151748127533,8,8.0,7.0,10.0,0.996
NSN,2025,0.14112101225371454,0.1953654840447749,0.5477551526844286,0.22196271802802556,9,9.0,8.0,11.0,1.0
PHG,2020,0.3264913984514619,0.26195738644129185,0.6283666714874387,0.3560268159113048,5,6.0,5.0,6.0,1.0
PHG,2021,0.20544742374674238,0.25089846049106634,0.5403886372852336,0.2805957771541852,5,5.0,4.0,7.0,0.995
PHG,2022,0.06502775141760526,0.2761851690657172,0.6641554729038942,0.19285329234897458,10,10.0,8.0,12.0,0.998
PHG,2023,0.2517550940221715,0.28660300534183497,0.661340437982195,0.3353866993030227,5,5.0,5.0,7.0,1.0
PHG,2024,0.20888318140692433,0.291728899173012,0.6565147504007136,0.31261896436159986,6,6.0,5.0,8.0,1.0
PHG,2025,0.2573920512530252,0.2722881281545332,0.6688688222511636,0.33329848363809594,7,7.0,5.0,7.0,1.0
PJY,2020,0.1167604839032649,0.013525464084469432,0.0850571690804905,0.05072818768132182,15,15.0,14.0,15.0,1.0
PJY,2021,0.11112903575990916,0.014715608361622248,0.08276191286123724,0.05087577357267551,14,14.0,13.0,15.0,1.0
PJY,2022,0.14845379447203724,0.01596291172514444,0.1181202448077266,0.06424019415377318,14,14.0,13.0,15.0,1.0
PJY,2023,0.061890630726692944,0.016818588554287885,0.12451318764305483,0.04671755897578133,14,14.0,14.0,16.0,1.0
PJY,2024,0.04180083989800009,0.014823938783287936,0.12773967609935905,0.03844967917454605,15,15.0,14.950000000000003,16.0,1.0
PJY,2025,0.1594536579836822,0.015250942287267876,0.1324769099484874,0.06694878183804769,13,13.0,13.0,14.0,1.0
PLS,2020,0.02674660564654704,0.09649918924204771,0.07910348687375056,0.054959105959851776,14,14.0,13.0,15.0,1.0
PLS,2021,0.01614441188604076,0.09706877340118325,0.06646657671257664,0.04308613710539782,15,15.0,13.0,16.0,1.0
PLS,2022,0.01635317466593936,0.10400016678102696,0.08182582554397662,0.04673318081862555,15,15.0,13.0,16.0,1.0
PLS,2023,0.014791361913418375,0.10242294736203854,0.07808791053328623,0.04413552125549828,15,15.0,14.0,16.0,1.0
PLS,2024,0.02498326399620909,0.10400016678102696,0.08793668071230717,0.056372085313469183,14,14.0,13.0,15.0,1.0
PLS,2025,0.016529997982670228,0.10400016678102696,0.08915780114051301,0.04795245760283545,15,15.0,13.0,16.0,1.0
PNG,2020,0.3345770798052311,0.32953133919875716,0.732878057012163,0.40487434401826045,3,3.0,2.0,4.0,1.0
PNG,2021,0.224735514649641,0.4630380117851654,0.7468692159012704,0.39079198594516873,2,2.0,1.0,3.0,0.999
PNG,2022,0.3478385457584291,0.2518361644885108,0.7278594418646595,0.37364080271347694,4,4.0,3.0,4.0,1.0
PNG,2023,0.4137899450005243,0.28348573228029805,0.7373360790975619,0.4188073227844064,3,3.0,3.0,3.0,1.0
PNG,2024,0.4935111948030587,0.08589068093116607,0.740486872942757,0.29619604856201276,7,7.0,5.0,8.0,1.0
PNG,2025,0.5201704787697267,0.29785126116673494,0.7349583325252161,0.4665774713519646,3,3.0,2.0,3.0,1.0
PRK,2020,0.2829086442025636,0.0768846147523139,0.5823159553483963,0.2147790733608184,11,11.0,10.0,11.0,1.0
PRK,2021,0.30702073463669816,0.0685449562271782,0.4995729852432932,0.2051673481975515,9,9.0,8.0,9.0,1.0
PRK,2022,0.23867240002328244,0.05282835572862713,0.5747730356374657,0.17538742799037949,11,11.0,9.0,11.0,1.0
PRK,2023,0.2272567776119425,0.07482147063342695,0.5606031348240588,0.19305444354128073,10,10.0,9.0,11.0,1.0
PRK,2024,0.19878119046333867,0.0824692613014813,0.5656273258028052,0.18975138173272255,11,11.0,10.0,11.0,1.0
PRK,2025,0.19522195472382547,0.07697982836388259,0.5652616609498341,0.18386783984035449,11,11.0,10.0,11.0,1.0
SBH,2020,0.30763177635704475,0.5284185454177585,0.5281902596630986,0.42555176122440597,1,1.0,1.0,5.0,0.899
SBH,2021,0.32549009112764793,0.5611976339070376,0.4653845958472616,0.43068391354289143,1,1.0,1.0,3.0,0.998
SBH,2022,0.5126137513367582,0.562952972492263,0.5617947239140205,0.5419706344266126,1,1.0,1.0,2.0,1.0
SBH,2023,0.489798430744846,0.5495427900635226,0.5639335939879009,0.5282195579435098,1,1.0,1.0,2.0,1.0
SBH,2024,0.6047797506498706,0.5583357000873418,0.5578715152976027,0.5763493830027889,1,1.0,1.0,1.0,1.0
SBH,2025,0.6091776376775662,0.5652027469824062,0.5574786986298867,0.5803983147352614,1,1.0,1.0,1.0,1.0
SGR,2020,0.30678822664872873,0.3697689095700528,0.8503525660258403,0.42258187880833875,2,2.0,1.0,3.0,0.997
SGR,2021,0.28979062484369494,0.1747792185364277,0.8503525660258403,0.3177641632067311,4,4.0,4.0,5.0,1.0
SGR,2022,0.39760883385959517,0.36296919126257754,0.8503525660258403,0.4657325415088684,2,2.0,2.0,3.0,1.0
SGR,2023,0.38265250968327946,0.38279919507722093,0.8503525660258403,0.4672630491170521,2,2.0,2.0,2.0,1.0
SGR,2024,0.34703797859206403,0.4544134897192703,0.8503525660258403,0.47715390676989006,2,2.0,2.0,3.0,1.0
SGR,2025,0.4075123175703232,0.37753007774820957,0.8503525660258403,0.47685802739711575,2,2.0,2.0,3.0,1.0
SWK,2020,0.6186772260843676,0.043540069652718956,0.49832660587089783,0.2315129891864511,9,9.0,7.0,11.0,0.987
SWK,2021,0.5683011353680062,0.045827440397232314,0.5435802236952516,0.23283125652110023,8,8.0,5.0,10.0,0.952
SWK,2022,0.5389269970627125,0.04614604487945683,0.5950539112135051,0.2337212088290456,7,7.0,6.0,10.0,1.0
SWK,2023,0.5823098558064342,0.044416017165828256,0.577565541652542,0.23610263787139046,8,7.0,6.0,10.0,0.994
SWK,2024,0.5749676646938867,0.04667190097664499,0.5381836313380352,0.23483315413705902,9,9.0,7.0,11.0,1.0
SWK,2025,0.5211424354307294,0.04344572793113862,0.5498945902773883,0.22137772213425572,10,10.0,8.0,11.0,0.98
TRG,2020,0.3724738222309227,0.07389671420991474,0.5240262169177937,0.23030074923747404,10,10.0,9.0,10.0,1.0
TRG,2021,0.28146721353348336,0.06416639566342083,0.5122669066706641,0.19485110649737336,10,10.0,9.0,11.0,1.0
TRG,2022,0.29950803425288564,0.07215845176112869,0.57325060455785,0.2140671579844586,8,8.0,8.0,10.0,1.0
TRG,2023,0.31040859456753483,0.07409972557021506,0.5544431478389528,0.2173569643305722,9,9.0,7.0,9.0,1.0
TRG,2024,0.2802862411368232,0.07628918904087421,0.5440191070469909,0.20980039401452694,10,10.0,9.0,10.0,1.0
TRG,2025,0.33114737778112696,0.07521576304969219,0.5400721449343358,0.2227560846542021,8,9.0,9.0,9.0,1.0
