state_code,year,alos_nights,avg_expenditure_rm,domestic_visitors_000,tourism_receipts_rm_mil,tourism_trips_000,dts_hotels_count,dts_rooms_count,population,hh_water_access,wqi_annual,n_rivers,waste_tonnes,coastal_area_fraction,pa_area_fraction,estimated_coastal_hotels,estimated_pa_hotels,motac_hotels_rated_count,green_hotel_count,tourism_concentration_ratio,expenditure_per_visitor,hotel_density_per_capita,green_hotel_share,international_arrivals_share
JOH,2020,1.85128755704271,307.209676564561,7242.508,2431.61988775028,7915.18,964.0,62132.0,4009.7,99.9,79.54,202.0,,0.149069,0.332475,8,19,56,3.0,1.8062468513853904,335.74279624548296,1.3966132129585755,0.05357142857142857,
JOH,2021,2.06019814260457,329.657934218747,3657.55,1251.84930290302,3797.419,964.0,62132.0,4020.0,99.9,68.0,16.0,,0.149069,0.332475,8,19,56,3.0,0.9098383084577115,342.26444010417356,1.3930348258706469,0.05357142857142857,
JOH,2022,2.33780774616398,377.043749901138,12376.202,4888.35148006201,12964.945,972.0,63582.0,4028.3,99.6,60.84,38.0,2664.74,0.149069,0.332475,8,19,56,3.0,3.0723138793039246,394.9799364992596,1.390164585557183,0.05357142857142857,
JOH,2023,2.17607397828371,406.163243302521,15804.89,6699.11884569231,16493.661,968.0,62368.0,4100.9,99.6,66.08,37.0,,0.149069,0.332475,8,19,56,3.0,3.8540052183667,423.86368052497113,1.3655539028018242,0.05357142857142857,
JOH,2024,2.54702302372368,406.918700399463,17138.338,7814.41585763373,19203.875,976.0,63942.0,,,67.74,23.0,,0.149069,0.332475,8,19,56,3.0,,455.96112398026753,,0.05357142857142857,
JOH,2025,2.67977442484637,410.555112266633,18196.973,8722.92495205821,21246.6601716389,950.0,67536.0,,,58.61,18.0,,0.149069,0.332475,8,19,56,3.0,,479.36131751463336,,0.05357142857142857,
KDH,2020,1.97006129028332,219.32925432476,10108.084,2272.69214593496,10362.011,350.0,26308.0,2131.4,99.5,81.03,60.0,,0.189091,0.150983,9,7,49,4.0,4.742462231397204,224.83906405357928,2.2989584310781646,0.08163265306122448,
KDH,2021,1.96227888195383,198.597143510098,4023.002,842.205404074748,4240.773,350.0,26308.0,2151.7,99.5,88.08,26.0,,0.189091,0.150983,9,7,49,4.0,1.869685365060185,209.34749823011475,2.2772691360319746,0.08163265306122448,
KDH,2022,2.1120801053992,291.717080303793,11186.197,3469.82268561478,11894.479,352.0,26502.0,2163.1,99.6,82.67,33.0,9036.19,0.189091,0.150983,9,7,49,4.0,5.171373029448477,310.187875791458,2.2652674402477926,0.08163265306122448,
KDH,2023,2.02721858973257,307.335602280863,13444.055,4206.61948328264,13687.381,350.0,26308.0,2187.5,99.6,81.0,39.0,,0.189091,0.150983,9,7,49,4.0,6.145853714285715,312.89811617719806,2.2399999999999998,0.08163265306122448,
KDH,2024,2.76758567052739,310.379378725278,14651.4879543306,4961.15023607227,15984.149,350.0,26308.0,,,80.5,30.0,,0.189091,0.150983,9,7,49,4.0,,338.61067568948744,,0.08163265306122448,
KDH,2025,2.8191254738061,312.760864144746,15607.884,5520.25004061484,17650.0664675874,358.0,27078.0,,,75.83,23.0,,0.189091,0.150983,9,7,49,4.0,,353.6834359234628,,0.08163265306122448,
KTN,2020,1.85860052110295,236.765634074902,6058.183,1555.12261713697,6568.194,182.0,8720.0,1792.5,67.9,81.88,74.0,,0.05584,0.286271,0,2,7,,3.379739470013947,256.6978609158835,0.3905160390516039,0.0,
KTN,2021,3.13854552971283,242.037098915131,1920.93,477.222127559975,1971.69,182.0,8720.0,1812.3,67.9,72.11,36.0,,0.05584,0.286271,0,2,7,,1.0599404072173482,248.43285677248778,0.3862495171881035,0.0,
KTN,2022,3.15837090332652,294.432794968762,6627.155,2586.22406280686,8783.75,182.0,8720.0,1830.6,70.2,78.43,37.0,,0.05584,0.286271,0,2,7,,3.6202092210204304,390.2465028819848,0.3823882879930078,0.0,
KTN,2023,3.07348440786154,347.145908885391,7549.37,3228.385093431,9299.793,182.0,8720.0,1857.6,70.2,83.6,35.0,,0.05584,0.286271,0,2,7,,4.0640450043066325,427.63635819028605,0.3768303186907838,0.0,
KTN,2024,2.98185888956928,364.304223365218,10514.411,4540.61133613717,12463.79,182.0,8720.0,,,82.25,20.0,,0.05584,0.286271,0,2,7,,,431.84647586414206,,0.0,
KTN,2025,2.97778806075638,382.111877657725,12062.016,5239.00827617872,13710.6658612469,182.0,8720.0,,,76.08,24.0,,0.05584,0.286271,0,2,7,,,434.3393572167969,,0.0,
KUL,2020,1.83112388005242,398.777592465634,12434.908,5273.1884382134,13223.382,448.0,81794.0,1982.1,100.0,76.75,4.0,,0.0,0.724288,0,80,111,5.0,6.2736027445638465,424.0633254555161,5.600121083699107,0.04504504504504504,
KUL,2021,2.18218483160852,284.882732896089,9116.005,3083.51714291348,10823.812,448.0,81794.0,1964.0,100.0,74.33,3.0,,0.0,0.724288,0,80,111,5.0,4.641550407331975,338.25312106712096,5.651731160896131,0.04504504504504504,
KUL,2022,3.08657138827854,389.020732985364,16912.534,7732.79579884474,19877.593,492.0,91152.0,1961.2,100.0,,,139690.2,0.0,0.724288,0,80,111,5.0,8.623564144401387,457.222779202971,5.659800122374056,0.04504504504504504,
KUL,2023,2.69627870015068,457.903620471734,22232.643,10995.3241427932,24012.311,506.0,94354.0,1998.6,100.0,58.71,7.0,,0.0,0.724288,0,80,111,5.0,11.124108375863104,494.5576710242323,5.553887721404984,0.04504504504504504,
KUL,2024,2.2300972804998,459.460353091872,26982.957,14077.6575426553,30639.548,508.0,95050.0,,100.0,,,,0.0,0.724288,0,80,111,5.0,,521.7240476147704,,0.04504504504504504,
KUL,2025,2.3265985253546,467.418706413197,35059.9331815272,16906.1917737811,36169.2665308865,510.0,100846.0,,100.0,,,,0.0,0.724288,0,80,111,5.0,,482.20832841429484,,0.04504504504504504,
LBN,2020,1.57275972260956,552.75907426449,107.53,60.4403354573022,109.343,82.0,3394.0,95.1,100.0,94.0,2.0,,1.0,0.0755,4,0,4,,1.1307045215562566,562.0788194671459,4.206098843322819,0.0,
LBN,2021,2.52301554556841,544.651259476378,53.899,29.3567028857768,53.9,82.0,3394.0,96.0,100.0,91.0,1.0,,1.0,0.0755,4,0,4,,0.5614479166666667,544.6613645109705,4.166666666666666,0.0,
LBN,2022,3.67016447902791,517.931040914851,243.695,136.293553416743,263.15,82.0,3394.0,96.9,100.0,69.0,1.0,,1.0,0.0755,4,0,4,,2.514912280701754,559.2792359988633,4.12796697626419,0.0,
LBN,2023,2.88632094615376,520.517878972586,331.36,194.06416029947,372.829,82.0,3394.0,99.5,100.0,80.0,1.0,,1.0,0.0755,4,0,4,,3.3302512562814073,585.6595856454309,4.0201005025125625,0.0,
LBN,2024,2.83685525655005,549.076935864962,449.63,264.562838161687,481.832,82.0,3394.0,,100.0,,,,1.0,0.0755,4,0,4,,,588.4012146913841,,0.0,
LBN,2025,2.5111429216529,556.906326483549,604.37,379.287242159903,681.061112296607,86.0,3716.0,,100.0,,,,1.0,0.0755,4,0,4,,,627.5745688235733,,0.0,
MLK,2020,1.80179499171813,238.118996342775,7274.547,2372.6250612483,9964.031,344.0,33858.0,998.4,100.0,69.11,27.0,,0.21115,0.129279,14,9,66,,7.286204927884615,326.1543380293371,6.610576923076923,0.0,
MLK,2021,1.8643007203704,230.076070285086,3878.14,1004.11271080667,4364.264,346.0,34062.0,1004.5,100.0,71.09,11.0,,0.21115,0.129279,14,9,66,,3.860766550522648,258.916055327211,6.570433051269288,0.0,
MLK,2022,2.13841463522688,290.532602800646,11757.166,4842.59364655733,16667.987,352.0,36110.0,1008.6,100.0,59.81,16.0,5378.53,0.21115,0.129279,14,9,66,,11.656916517945666,411.88443257136373,6.543723973825104,0.0,
MLK,2023,2.23400775634919,320.418463117192,15558.661,6438.41105660879,20093.758,354.0,36446.0,1027.5,100.0,62.69,13.0,,0.21115,0.129279,14,9,66,,15.142249148418491,413.8152413378497,6.423357664233577,0.0,
MLK,2024,2.13441079422518,328.169251447828,19128.405,7933.20647467174,24174.131,354.0,36536.0,,,70.0,7.0,,0.21115,0.129279,14,9,66,,,414.73434270508915,,0.0,
MLK,2025,2.11048007597558,330.316605435771,20832.201530282,8732.39649344146,26436.4441561187,362.0,41100.0,,,57.57,7.0,,0.21115,0.129279,14,9,66,,,419.1778041676449,,0.0,
NSN,2020,1.89511215363317,233.400956610198,7917.736,2232.9800948256,9567.142,,,1200.0,99.9,73.59,17.0,,0.035634,0.408746,1,15,37,1.0,6.598113333333333,282.0225497320952,3.0833333333333335,0.02702702702702703,
NSN,2021,1.72219303562174,185.113161679384,5485.17,1213.38512045771,6554.829,282.0,18792.0,1204.2,99.9,75.22,9.0,,0.035634,0.408746,1,15,37,1.0,4.555032386646737,221.21194428936752,3.0725793057631625,0.02702702702702703,
NSN,2022,2.4775740593211,255.72092289879,11490.144,3651.3406055165,14278.615,286.0,19084.0,1207.9,99.8,68.6,10.0,,0.035634,0.408746,1,15,37,1.0,9.512496067555261,317.7802302143907,3.0631674807517175,0.02702702702702703,
NSN,2023,2.41840105295885,268.378701850998,14959.47,4777.28125500884,17800.523,286.0,19072.0,1224.3,99.8,77.1,10.0,,0.035634,0.408746,1,15,37,1.0,12.218794413134036,319.34829609664246,3.0221350976067956,0.02702702702702703,
NSN,2024,2.25257557638478,269.037135995746,17784.532,5869.462129308,21816.55,290.0,19214.0,,,75.33,6.0,,0.035634,0.408746,1,15,37,1.0,,330.03185742014466,,0.02702702702702703,
NSN,2025,2.29491785206345,271.325492932631,19356.545,6529.26193925348,24064.3142989688,320.0,26548.0,,,64.17,6.0,,0.035634,0.408746,1,15,37,1.0,,337.31546302573526,,0.02702702702702703,
PHG,2020,1.92726887226897,264.733443048942,9905.002,2748.04988629641,10380.441,600.0,50750.0,1591.3,97.9,82.35,54.0,,0.027,0.492984,2,28,57,2.0,6.224471815496764,277.44061902222836,3.581976999937159,0.03508771929824561,
PHG,2021,1.92173287260011,260.879802567185,3404.772,914.378229522129,3504.979,602.0,51054.0,1601.5,97.9,78.4,25.0,,0.027,0.492984,2,28,57,2.0,2.1259893849516076,268.55784455526805,3.5591632844208556,0.03508771929824561,
PHG,2022,2.10555957854831,354.594465490744,13188.959,5316.78906097375,14993.999,604.0,51202.0,1614.3,98.3,77.74,19.0,9278.12,0.027,0.492984,2,28,57,2.0,8.170079291333705,403.12423906797716,3.530942204051292,0.03508771929824561,
PHG,2023,2.12715370546925,381.865639613674,16455.567,6733.34364809185,17632.756,606.0,51248.0,1642.7,98.3,83.67,24.0,,0.027,0.492984,2,28,57,2.0,10.017390272112983,409.18332671805535,3.469897120594144,0.03508771929824561,
PHG,2024,2.16717969419742,384.28211516556,20173.876,8709.75913589491,22665.013,606.0,51248.0,,,82.85,20.0,,0.027,0.492984,2,28,57,2.0,,431.7345430245982,,0.03508771929824561,
PHG,2025,2.20889169822045,389.4271811099,23161.166,9846.76892463924,25285.2635929909,610.0,52074.0,,,77.2,5.0,,0.027,0.492984,2,28,57,2.0,,425.1413303043223,,0.03508771929824561,
PJY,2020,1.97566682671892,311.271836413617,451.113,141.909764036477,455.903,14.0,3538.0,109.2,100.0,80.0,3.0,,0.0,0.143691,0,1,8,,4.1310714285714285,314.57697746790046,7.326007326007327,0.0,
PJY,2021,2.2291693802597,289.733181683962,223.006,67.8552214172023,234.199,14.0,3538.0,115.2,100.0,,,,0.0,0.143691,0,1,8,,1.9358159722222221,304.2753173331762,6.944444444444445,0.0,
PJY,2022,2.68201347432327,293.986883777739,1305.808,455.990707978533,1551.058,14.0,3538.0,117.0,100.0,,,43662.43,0.0,0.143691,0,1,8,,11.160752136752137,349.20195616701153,6.837606837606838,0.0,
PJY,2023,2.07967253905832,340.900665253711,1900.379,669.729015248793,1964.587,14.0,3538.0,119.2,100.0,91.0,3.0,,0.0,0.143691,0,1,8,,15.942776845637583,352.4186571461761,6.7114093959731544,0.0,
PJY,2024,2.14358593212722,345.613619580919,2556.836,936.976148978471,2711.051,14.0,3538.0,,100.0,77.0,2.0,,0.0,0.143691,0,1,8,,,366.45922889793127,,0.0,
PJY,2025,2.49800733812141,355.209001976078,3146.484,1235.86095269889,3479.25009170269,14.0,3538.0,,100.0,79.0,1.0,,0.0,0.143691,0,1,8,,,392.775222343063,,0.0,
PLS,2020,2.4461569279846,179.689619709996,1193.108,224.066307262435,1246.963,64.0,2490.0,284.9,99.6,87.0,25.0,,0.515159,0.217586,3,1,5,,4.187813267813268,187.80052372663246,1.755001755001755,0.0,
PLS,2021,2.20914101234874,182.778836014478,406.796,78.0132972300273,426.818,64.0,2490.0,287.6,99.6,85.28,25.0,,0.515159,0.217586,3,1,5,,1.4144506258692626,191.774986061877,1.7385257301808066,0.0,
PLS,2022,2.34666728507533,253.182171676873,1669.175,455.618787502378,1799.569,64.0,2490.0,289.8,100.0,86.8,25.0,1825.04,0.515159,0.217586,3,1,5,,5.759748102139406,272.9604669985939,1.725327812284334,0.0,
PLS,2023,2.20641466269676,272.934834656525,1950.771,583.870113407444,2139.229,64.0,2490.0,292.7,100.0,88.83,24.0,,0.515159,0.217586,3,1,5,,6.664745473180731,299.30223148049873,1.7082336863682952,0.0,
PLS,2024,2.48663839005127,273.987282764308,3225.428,1002.81372997629,3660.074,64.0,2570.0,,100.0,87.6,20.0,,0.515159,0.217586,3,1,5,,,310.9087321051005,,0.0,
PLS,2025,2.24678266562286,279.38563855306,3755.682,1211.20382670128,4335.24011103116,66.0,2642.0,,100.0,88.76,17.0,,0.515159,0.217586,3,1,5,,,322.49903658011516,,0.0,
PNG,2020,2.03409916330196,262.932106884268,8929.515,2427.15888222993,9231.124,460.0,44176.0,1740.4,99.9,74.61,51.0,,0.527119,0.170897,48,16,91,5.0,5.1307256952424725,271.81306960455635,5.228683061365203,0.054945054945054944,
PNG,2021,2.14043579846788,224.556241056071,5060.864,1158.8101313766,5160.445,466.0,44812.0,1740.0,99.9,86.45,11.0,,0.527119,0.170897,48,16,91,5.0,2.908542528735632,228.97476228892936,5.2298850574712645,0.054945054945054944,
PNG,2022,2.59063956089525,311.679953765432,10002.735,3648.39930839687,11705.595,478.0,46370.0,1740.9,100.0,61.84,25.0,,0.527119,0.170897,48,16,91,5.0,5.745726348440462,364.74017440198804,5.227181342983514,0.054945054945054944,
PNG,2023,2.40032874269824,378.78603644208,13127.587,5814.73535455749,15350.976,488.0,48068.0,1771.6,100.0,62.88,26.0,,0.527119,0.170897,48,16,91,5.0,7.410017498306615,442.9401499725342,5.136599683901558,0.054945054945054944,
PNG,2024,2.57711545505833,387.497690313427,16604.803,7424.29144738457,19159.576,500.0,50778.0,,,58.46,24.0,,0.527119,0.170897,48,16,91,5.0,,447.11710505596307,,0.054945054945054944,
PNG,2025,2.65290501816531,392.586162736192,17717.979,8490.35816379311,21626.7382034512,506.0,51206.0,,,62.0,14.0,,0.527119,0.170897,48,16,91,5.0,,479.1945042825206,,0.054945054945054944,
PRK,2020,1.8485066338042,236.16544652204,13173.306,3317.0693364196,14045.532,654.0,32396.0,2496.0,99.4,86.76,71.0,,0.092434,0.393332,3,13,34,,5.277766826923077,251.80234456100845,1.3621794871794872,0.0,
PRK,2021,2.29350409312326,248.080856538094,4489.273,1159.53265234848,4674.011,658.0,32676.0,2515.8,99.4,78.6,10.0,,0.092434,0.393332,3,13,34,,1.7844315923364336,258.28962781913236,1.3514587805071945,0.0,
PRK,2022,2.42853989637977,256.866943385182,14566.727,4541.33101270089,17679.702,660.0,32902.0,2514.4,99.2,64.38,8.0,,0.092434,0.393332,3,13,34,,5.793321269487751,311.760563145097,1.3522112631244034,0.0,
PRK,2023,2.3457677558445,299.556291771187,17107.518,5641.02361320425,18831.264,660.0,32900.0,2540.4,99.2,79.95,19.0,,0.092434,0.393332,3,13,34,,6.734182805857345,329.7394521639112,1.3383719099354432,0.0,
PRK,2024,2.3549722911944,302.203837848145,21776.217,7223.79803827434,23903.727,660.0,32858.0,,,86.53,15.0,,0.092434,0.393332,3,13,34,,,331.7287864221017,,0.0,
PRK,2025,2.43937248808826,312.04771613634,23642.055,8018.53798306468,25696.5123230103,682.0,36362.0,,,80.38,8.0,,0.092434,0.393332,3,13,34,,,339.16417092611783,,0.0,
SBH,2020,1.96210740287431,246.449716429957,10336.897,2676.77169855219,10861.33,816.0,45098.0,3418.8,84.7,86.6,107.0,,0.143033,0.615656,9,38,62,4.0,3.023545396045396,258.9531170284651,1.8135018135018135,0.06451612903225806,
SBH,2021,2.31287857012766,262.594895253719,3815.016,1052.02211208469,4006.255,818.0,45598.0,3412.6,84.7,88.96,70.0,,0.143033,0.615656,9,38,62,4.0,1.117920647014007,275.7582437621992,1.8167965773896737,0.06451612903225806,
SBH,2022,3.0576352783597,279.679911153468,12589.005,4825.8695952754,17254.974,830.0,46804.0,3414.9,87.6,84.77,71.0,,0.143033,0.615656,9,38,62,4.0,3.6864930159009046,383.34003324928375,1.8155729303932764,0.06451612903225806,
SBH,2023,2.67140939347793,337.307003304163,16080.074,6712.51460553787,19900.312,832.0,46840.0,3592.8,87.6,85.94,69.0,,0.143033,0.615656,9,38,62,4.0,4.475638499220663,417.4430170867292,1.725673569360944,0.06451612903225806,
SBH,2024,3.01161889379518,358.180569911899,20591.813,8634.24673303019,24105.849,848.0,48658.0,,,84.81,47.0,,0.143033,0.615656,9,38,62,4.0,,419.3048340634304,,0.06451612903225806,
SBH,2025,3.14553107015999,368.874690910501,22361.168,9753.3273839687,26440.7605734467,876.0,51384.0,,,86.95,40.0,,0.143033,0.615656,9,38,62,4.0,,436.1725373186544,,0.06451612903225806,
SGR,2020,1.64066150657808,322.019481840348,19714.734,7051.46346613165,21897.63,400.0,45404.0,6994.4,100.0,77.97,92.0,,0.17425,0.39766,12,27,68,3.0,2.8186454878188267,357.6747962276159,0.9722063364977697,0.04411764705882353,
SGR,2021,1.83160904055607,279.044532385408,10211.58,3158.5633823777,11319.209,402.0,46004.0,7014.7,100.0,68.45,22.0,,0.17425,0.39766,12,27,68,3.0,1.455740088670934,309.3119167041437,0.9693928464510244,0.04411764705882353,
SGR,2022,2.32250757479501,336.110189828149,21989.558,8734.80808554066,25987.93,410.0,48402.0,7050.3,100.0,68.67,27.0,,0.17425,0.39766,12,27,68,3.0,3.118953519708381,397.22526871802785,0.9644979646256188,0.04411764705882353,
SGR,2023,2.24207367577779,383.522628111661,27579.478,11102.7131520834,28949.304,416.0,49930.0,7205.3,100.0,72.04,24.0,,0.17425,0.39766,12,27,68,3.0,3.8276654684745948,402.5715480214455,0.9437497397748879,0.04411764705882353,
SGR,2024,2.24075512447905,384.254770120676,34460.8280456694,14226.1256382058,37022.639,420.0,52178.0,,,82.08,13.0,,0.17425,0.39766,12,27,68,3.0,,412.8201916492706,,0.04411764705882353,
SGR,2025,2.31387210011661,386.283671217442,36376.442,15761.7254823629,40803.4992333148,422.0,53562.0,,,69.54,13.0,,0.17425,0.39766,12,27,68,3.0,,433.2948638122139,,0.04411764705882353,
SWK,2020,2.55178605762645,305.546169447442,9393.255,3384.67058146855,11077.444,748.0,39908.0,2453.7,86.4,83.7,123.0,,0.114842,0.113466,6,6,52,,3.828200268981538,360.32989431975926,2.119248481884501,0.0,
SWK,2021,3.0323043039809,271.148686673015,6510.9,1935.25867544385,7137.26,750.0,40228.0,2465.6,86.4,84.68,56.0,,0.114842,0.113466,6,6,52,,2.6406959766385465,297.23366592081743,2.109020116807268,0.0,
SWK,2022,3.51641852644725,281.524469817298,15464.621,5430.77227763946,19290.587,766.0,40774.0,2473.5,90.0,79.98,62.0,,0.114842,0.113466,6,6,52,,6.252120881342227,351.17396524877404,2.102284212654134,0.0,
SWK,2023,3.4815000820848,329.401467491407,17901.19,6942.67318117489,21076.631,772.0,42284.0,2509.5,90.0,79.68,69.0,,0.114842,0.113466,6,6,52,,7.133369197051205,387.8330536224066,2.0721259214983063,0.0,
SWK,2024,3.09151608473914,340.580796795262,19625.552,7956.67071248269,23362.065,774.0,42388.0,,,81.61,56.0,,0.114842,0.113466,6,6,52,,,405.42404679790354,,0.0,
SWK,2025,3.10314238263994,346.308423416166,22721.527,9138.37553459759,26387.9678248999,780.0,44130.0,,,76.05,19.0,,0.114842,0.113466,6,6,52,,,402.19020203165,,0.0,
TRG,2020,2.0600272733523,223.563905001631,7419.729,2254.5058315233,10084.391,482.0,21436.0,1149.4,96.2,83.9,62.0,,0.094686,0.394549,5,19,48,,6.455306246737428,303.85285386074077,4.176091874021228,0.0,
TRG,2021,2.19970922273613,238.343220041969,3719.052,984.111528570248,4128.968,482.0,21436.0,1170.7,96.2,75.96,28.0,,0.094686,0.394549,5,19,48,,3.176776287691125,264.61354360472717,4.100111044674126,0.0,
TRG,2022,2.68542326435746,262.93594886057,10233.282,3363.29891312298,12791.324,490.0,21618.0,1186.6,98.5,74.68,28.0,,0.094686,0.394549,5,19,48,,8.624036743637284,328.66278024225073,4.0451710770268,0.0,
TRG,2023,2.59412179953652,302.283848175625,11760.516,4192.31725641659,13868.81,496.0,22278.0,1209.4,98.5,78.63,27.0,,0.094686,0.394549,5,19,48,,9.724256656193152,356.4739214177839,3.9689102034066477,0.0,
TRG,2024,2.49733881394776,313.368535890194,14460.728,5170.36305105575,16499.305,500.0,22974.0,,,78.92,13.0,,0.094686,0.394549,5,19,48,,,357.5451423369384,,0.0,
TRG,2025,2.75842209863769,318.391462031798,15462.278,5795.14407298498,18201.3174474076,502.0,23354.0,,,77.83,12.0,,0.094686,0.394549,5,19,48,,,374.7923865412962,,0.0,
